{"max_heap": {"1": {"value": 3.3968253968253967}, "2": {"value": 5.608}, "3": {"value": 3.630434782608696}, "5": {"value": 3.5072463768115942}, "6": {"value": 3.2753623188405796}, "8": {"value": 3.253623188405797}, "10": {"value": 3.2246376811594204}, "11": {"value": 3.36231884057971}, "12": {"value": 3.5144927536231885}, "13": {"value": 3.449275362318841}}}